,area_vazios,prop_area_vazios
count,13.0,13.0
mean,1.1523076923076923,0.015923076923076925
std,0.7583618732302084,0.009367154837173867
min,0.259,0.003
25%,0.52,0.009
50%,1.172,0.015
75%,1.861,0.02
max,2.287,0.032
